招聘公司,招聘职位,薪资,学历要求,职位详细页面url,职位详细内容
华远智德(北京)科技有限公司,数据工程师,6K-10K,本科,https://jobs.zhaopin.com/CC773821670J00215741511.htm,
广州北珠联科技有限公司,Python人工智能开发实训生,6K-8K,中专,https://jobs.zhaopin.com/CC872369640J00341638505.htm,
广州达美智能科技有限公司,python开发工程师,6K-12K,本科,https://jobs.zhaopin.com/CC460067285J00143121802.htm,
深圳市百诺信科技有限公司,Python高级开发工程师,15K-20K,学历不限,https://jobs.zhaopin.com/549366527250079.htm,
广州合信信息技术有限公司,后端研发工程师-Python,6K-12K,本科,https://jobs.zhaopin.com/CC888705210J00316827602.htm,
广州百伦供应链科技有限公司,Python大数据开发工程师,10K-15K,本科,https://jobs.zhaopin.com/CC451192724J00472856101.htm,
广东宜教通教育有限公司,python工程师,8K-12K,本科,https://jobs.zhaopin.com/CC310603730J00127835606.htm,
中软国际科技服务有限公司,【UC】Python开发,薪资面议,本科,https://jobs.zhaopin.com/CC508620126J00424240105.htm,
中公教育广东分公司,IT培训讲师（Python）,10K-15K,本科,https://jobs.zhaopin.com/CC217000520J00045668812.htm,
纬创软件(珠海),python开发工程师（粤语）,10K-20K,本科,https://jobs.zhaopin.com/CC120817715J00205363311.htm,
上海隆长信息技术有限公司,python开发工程师,10K-15K,本科,https://jobs.zhaopin.com/CC580460084J00445588501.htm,
同方鼎欣科技股份有限公司,Python开发工程师,10K-15K,本科,https://jobs.zhaopin.com/CC120137343J00179837814.htm,
东软云科技有限公司,python开发工程师,7K-14K,学历不限,https://jobs.zhaopin.com/CC663299424J00304866407.htm,
武汉佰钧成技术有限责任公司,python,10K-15K,本科,https://jobs.zhaopin.com/CC364485728J00432507705.htm,
广东珠江智联信息科技股份有限公司,python后端软件工程师,5K-7K,本科,https://jobs.zhaopin.com/CC380638939J00321149006.htm,
上海华钦信息科技股份有限公司,RPA开发（java/C#/Python/vb等开发）,10K-20K,本科,https://jobs.zhaopin.com/CC137755791J00281073104.htm,
北京码农星球软件有限公司,python开发工程师,10K-15K,本科,https://jobs.zhaopin.com/CC846338930J00180374010.htm,
广州北珠联科技有限公司,Python人工智能开发助理,6K-8K,中专,https://jobs.zhaopin.com/CC872369640J00341825205.htm,
广州粤嵌通信科技股份有限公司,青少年Python讲师（佛山校区）,6K-8K,大专,https://jobs.zhaopin.com/CC425875424J00378329507.htm,
亿达信息技术有限公司深圳分公司,python开发,10K-15K,本科,https://jobs.zhaopin.com/CC140200303J00407485507.htm,
北京天盛京享科技有限公司,python工程师（区块链）,20K-40K,本科,https://jobs.zhaopin.com/CC839864870J00177422713.htm,
广州建杉科技有限公司,python工程师,8K-10K,大专,https://jobs.zhaopin.com/CC422601730J00324773006.htm,
广州粤嵌通信科技股份有限公司,青少年Python讲师,5K-8K,本科,https://jobs.zhaopin.com/CC425875424J00316960907.htm,
深圳市德科信息技术有限公司广州分公司,数据库（Python）,8K-10K,本科,https://jobs.zhaopin.com/CC278294985J00320942603.htm,
广州粤嵌通信科技股份有限公司,Python/C++ 课程研发,8K-10K,大专,https://jobs.zhaopin.com/CC425875424J00374617607.htm,
神州数码通用软件(上海)有限公司,python开发(驻场电信),10K-15K,大专,https://jobs.zhaopin.com/CC156342623J00401597807.htm,
广州粤嵌通信科技股份有限公司,Python人工智能讲师,15K-30K,大专,https://jobs.zhaopin.com/425875424250768.htm,
广州粤嵌通信科技股份有限公司, Python讲师 ,15K-20K,本科,https://jobs.zhaopin.com/CC425875424J00228792907.htm,
广州建杉科技有限公司,python开发,8K-10K,大专,https://jobs.zhaopin.com/CC422601730J00324769906.htm,
深圳市德科信息技术有限公司广州分公司,java/c++/python ,8K-15K,本科,https://jobs.zhaopin.com/CC278294985J00246243103.htm,
广州市驴迹科技有限责任公司,Python web工程师 ,20K-35K,大专,https://jobs.zhaopin.com/CC623371828J00363956207.htm,
天讯瑞达通信技术有限公司,软件开发工程师（Python）,15K-30K,本科,https://jobs.zhaopin.com/CC000437925J00465196501.htm,
深圳市德科信息技术有限公司广州分公司,python开发工程师,8K-12K,本科,https://jobs.zhaopin.com/CC278294985J00248840403.htm,
蓝盾信息安全技术股份有限公司,OpenStack_Python开发工程师,10K-15K,本科,https://jobs.zhaopin.com/CC136106367J00406517205.htm,
佛山市顺德区思翔网络科技有限公司,Python开发工程师,12K-18K,大专,https://jobs.zhaopin.com/CC459954118J00229454404.htm,
Uniqsys优尼卡日本株式会社,日语Java/Python开发工程师-初级,5K-10K,本科,https://jobs.zhaopin.com/CC842910190J00180734304.htm,
深圳市德科信息技术有限公司广州分公司,python开发（双休·包吃·接受19本科）,8K-15K,本科,https://jobs.zhaopin.com/CC278294985J00323280103.htm,
深圳市德科信息技术有限公司广州分公司,python开发（20届+周末双休）,5.5K-9K,本科,https://jobs.zhaopin.com/CC278294985J00399707903.htm,
深圳市德科信息技术有限公司广州分公司,python开发(双休 六险一金）,8K-15K,本科,https://jobs.zhaopin.com/CC278294985J00363686103.htm,
蓝盾信息安全技术股份有限公司,Python开发工程师,10K-15K,本科,https://jobs.zhaopin.com/CC136106367J00399838305.htm,
南京厚建软件有限责任公司,python,8K-16K,本科,https://jobs.zhaopin.com/CC136365710J00282424704.htm,
广州粮叁餐饮管理股份有限公司,Python数据分析师,6K-8K,大专,https://jobs.zhaopin.com/CC834006670J00263434804.htm,
广州天锐医健信息科技有限公司,python,6K-10K,大专,https://jobs.zhaopin.com/389020584250019.htm,
北京翼佰易环保科技服务有限公司,python开发工程师,15K-20K,本科,https://jobs.zhaopin.com/CC686233830J00164559212.htm,
深圳市德科信息技术有限公司广州分公司,软件测试（懂些Python或Java）,8K-13K,本科,https://jobs.zhaopin.com/CC278294985J00331995003.htm,
Uniqsys优尼卡日本株式会社,日语Java/Python开发工程师,15K-30K,本科,https://jobs.zhaopin.com/CC842910190J00176413504.htm,
广州往圣生物科技有限公司,Python数据处理开发工程师,11K-12.3K,本科,https://jobs.zhaopin.com/CZ453476080J00447994701.htm,
广州永融科技股份有限公司,Python工程师,6K-12K,本科,https://jobs.zhaopin.com/CC584662021J00398418803.htm,
深圳市德科信息技术有限公司广州分公司,中级大数据开发（硬性条件全日制本科+python+sql）,11K-16K,本科,https://jobs.zhaopin.com/CC278294985J00361230003.htm,
成都林恩企业管理咨询有限公司,AI Engineer ( Python/ Machine Learning),20K-30K,本科,https://jobs.zhaopin.com/CC685738927J00253338705.htm,
深圳市德科信息技术有限公司广州分公司,python （可接受19届）,8K-10K,本科,https://jobs.zhaopin.com/CC278294985J00295907603.htm,
深圳市德科信息技术有限公司广州分公司,python开发,8K-13K,本科,https://jobs.zhaopin.com/CC278294985J00253670303.htm,
广州时时美电子商务有限公司,python 开发工程师,10K-15K,学历不限,https://jobs.zhaopin.com/CC526064630J00138803108.htm,
信必优(深圳)信息技术有限公司,VBA/PowerShell/C#/Python,10K-15K,本科,https://jobs.zhaopin.com/CC641354530J00315100506.htm,
广州永融科技股份有限公司,Python工程师（中级）,8K-15K,本科,https://jobs.zhaopin.com/584662021250126.htm,
深圳市德科信息技术有限公司广州分公司,python后端开发工程师,8K-12K,本科,https://jobs.zhaopin.com/CC278294985J00258518603.htm,
云润大数据服务有限公司,Python中级工程师,10K-15K,本科,https://jobs.zhaopin.com/CC642310621J00260895507.htm,
深圳市德科信息技术有限公司广州分公司,python,8K-15K,本科,https://jobs.zhaopin.com/CC278294985J00250726103.htm,
深圳市德科信息技术有限公司广州分公司,python开发,8K-13K,本科,https://jobs.zhaopin.com/CC278294985J00359009303.htm,
广州对庄企业管理中心(有限合伙),Python数据工程师,10K-15K,大专,https://jobs.zhaopin.com/CZ894546540J00037648107.htm,
广东省电信规划设计院有限公司,python开发工程师,8K-13K,本科,https://jobs.zhaopin.com/CC216712315J00190088708.htm,
深圳市德科信息技术有限公司广州分公司,程序开发（python/c/c++),8K-15K,本科,https://jobs.zhaopin.com/CC278294985J00244991003.htm,
深圳市德科信息技术有限公司广州分公司,软件测试（统招本科+大平台+Python自动化测试）,10K-15K,本科,https://jobs.zhaopin.com/CC278294985J00399016903.htm,
深圳市芒柠科技有限公司,python开发工程师（广州）,10K-20K,大专,https://jobs.zhaopin.com/466965980250071.htm,
广州美亚电子商务国际旅行社有限公司,python开发工程师,6K-12K,大专,https://jobs.zhaopin.com/CC133740473J00300375108.htm,
艾利安人才服务（上海）有限公司,python开发,15K-20K,本科,https://jobs.zhaopin.com/CC161683510J00326522008.htm,
深圳市芒柠科技有限公司,python开发工程师（广州-海珠区）,8K-12K,大专,https://jobs.zhaopin.com/466965980250136.htm,
蓝盾信息安全技术股份有限公司,python研发工程师,10K-15K,本科,https://jobs.zhaopin.com/136106367252381.htm,
云润大数据服务有限公司,Python开发工程师(大数据方向),6K-12K,本科,https://jobs.zhaopin.com/CC642310621J00391398407.htm,
广州学码教育科技有限公司,少儿编程老师（Scratch/Python/C++）,8K-10K,本科,https://jobs.zhaopin.com/CC504444336J00336890702.htm,
广州百伦供应链科技有限公司,python大数据开发工程师,10K-15K,本科,https://jobs.zhaopin.com/CC451192724J00463446401.htm,
深圳市协卓软件有限公司,python开发工程师,8K-10K,大专,https://jobs.zhaopin.com/CC270717615J00333714002.htm,
广州市驴迹科技有限责任公司,Python工程师,15K-25K,本科,https://jobs.zhaopin.com/CC623371828J00382204507.htm,
深圳市德科信息技术有限公司广州分公司,软件测试（统招本科+福利好+Python自动化测试）,10K-15K,本科,https://jobs.zhaopin.com/CC278294985J00399017503.htm,
深圳市香蕉电子商务有限公司,Python开发工程师,6K-12K,本科,https://jobs.zhaopin.com/CC287813584J00419998507.htm,
广州微控能源科技有限公司,Python开发工程师,4K-8K,本科,https://jobs.zhaopin.com/CC882050460J00418067207.htm,
广州市凯泽利科技有限公司,python开发工程师,8K-12K,本科,https://jobs.zhaopin.com/CZ823999070J00286171204.htm,
深圳市长亮科技股份有限公司,银行SAS/R/PYTHON数据分析挖掘建模岗,10K-20K,本科,https://jobs.zhaopin.com/CC120564550J00080758108.htm,
广州英荔教育科技有限公司,Python软件工程师,9K-15K,本科,https://jobs.zhaopin.com/566604020250047.htm,
广州卓动信息科技有限公司,Python后端工程师,12K-24K,本科,https://jobs.zhaopin.com/CC649588426J00336730703.htm,
北京智合大方科技有限公司,研发工程师（python）,12K-16K,本科,https://jobs.zhaopin.com/CC399388880J00172022512.htm,
广州优脉电子商务有限公司,Python爬虫工程师,5K-9K,大专,https://jobs.zhaopin.com/CC271581731J00326607106.htm,
佛山市承林家具有限公司,python算法工程师,20K-25K,本科,https://jobs.zhaopin.com/CZ509903180J00378614607.htm,
广州明扬信息技术有限公司,后端研发工程师-Python,6K-12K,本科,https://jobs.zhaopin.com/CC881951480J00411321705.htm,
上海艺赛旗软件股份有限公司,RPA软件售前工程师（Python）,7K-10K,大专,https://jobs.zhaopin.com/CC533586027J00278703203.htm,
广州掌昆网络科技有限公司,python开发工程师,6K-8K,本科,https://jobs.zhaopin.com/CZ609497180J00305295706.htm,
深圳图灵创新科技有限公司,少儿编程老师(Scratch/Python/C++),6K-8K,本科,https://jobs.zhaopin.com/CC541431988J00462904801.htm,
广州汇智通信技术有限公司,python工程师,15K-20K,本科,https://jobs.zhaopin.com/CC137645185J00373827207.htm,
广州锦行网络科技有限公司,python开发工程师（高级）,12K-18K,大专,https://jobs.zhaopin.com/CC392810034J00196859204.htm,
广州润城实业集团有限公司,高级python开发工程师,15K-18K,本科,https://jobs.zhaopin.com/CC679980624J00391602307.htm,
